id,doc_type,title,content,created_by,created_at,updated_at
89993fae-231b-46d5-9d1c-9ec6a968d8ba,asana,Corpse Pose,"## Sanskrit Name
Savasana

## Category
Supine

## Benefits
- Calms the brain and helps relieve stress and mild depression
- Relaxes the body
- Reduces headache, fatigue, and insomnia
- Helps to lower blood pressure

## Contraindications
- Back injury or discomfort

## Modifications
- Blanket under the head
- Blanket under knees
- Blanket under heels",cdbdccbc-9125-4d58-bf12-58fbb889c8c6,2025-05-14 17:55:34.785035+00,2025-05-15 14:08:34.588377+00
6e215ce1-6c25-45aa-9d89-eba4cb140472,asana,Knees to Chest Pose,"## Sanskrit Name
Apanasana

## Category
Supine

## Benefits
- Relieves lower back pain
- Relieves gastrointestinal discomfort

## Contraindications
- Not recommended after second trimester of pregnancy

## Modifications
- Blanket underneath head

## Preparatory Poses
- Child's Pose",cdbdccbc-9125-4d58-bf12-58fbb889c8c6,2025-05-14 17:55:34.73906+00,2025-05-14 18:56:03.888519+00
8c15e2d5-04f0-44ab-bece-eb65c35183d5,asana,Happy Baby Pose,"## Sanskrit Name
Ananda Balasana

## Category
Supine

## Benefits
- Gently stretches the inner groins and back spine
- Calms the brain and helps relieve stress and fatigue

## Contraindications
- Knee injury
- Neck injury

## Modifications
- Hold ankles or calves
- Place a blanket under head or hips

## Preparatory Poses
- Child's Pose
- Hero's Pose",cdbdccbc-9125-4d58-bf12-58fbb889c8c6,2025-05-14 17:55:34.693376+00,2025-05-14 17:55:34.693376+00
3319d206-ab38-43d1-8b5b-33eda18a16b8,asana,Reclining Hero Pose,"## Sanskrit Name
Supta Virasana

## Category
Supine

## Benefits
- Stretches the abdomen, thighs and deep hip flexors
- Opens the chest and shoulders
- Improves digestion
- Helps relieve respiratory conditions
- Reduces fatigue

## Contraindications
- Knee injury
- Ankle problems
- Lower back issues
- Heart conditions

## Modifications
- Support upper body with bolster or blankets
- Keep knees wider apart
- Use blocks under hips

## Preparatory Poses
- Hero's Pose
- Thunderbolt Pose
- Bound Angle Pose
- Bridge Pose",cdbdccbc-9125-4d58-bf12-58fbb889c8c6,2025-05-14 17:55:34.64461+00,2025-05-14 17:55:34.64461+00
d60fd133-3daa-4b08-af4a-f714bb6a7b6b,asana,Revolved Abdomen Pose,"## Sanskrit Name
Jathara Parivartanasana

## Category
Supine

## Benefits
- Stretches the back muscles
- Realigns and lengthens the spine
- Helps hydrate the spinal disks
- Improves digestion

## Contraindications
- Knee injury
- Hip injury
- Back injury

## Modifications
- Place a blanket under the knees
- Eagle pose legs

## Preparatory Poses
- Half Lord of the Fishes Pose
- Eagle Pose",cdbdccbc-9125-4d58-bf12-58fbb889c8c6,2025-05-14 17:55:34.602191+00,2025-05-14 17:55:34.602191+00
e61e9f90-890d-457b-91d1-d8f95b4ee073,asana,Hand-to-Big Toe Pose,"## Sanskrit Name
Padangusthasana

## Category
Supine

## Benefits
- Stretches hips, thighs, hamstrings, groins, and calves
- Strengthens the knees
- Stimulates the prostate gland
- Improves digestion
- Relieves backache, sciatica, and menstrual discomfort

## Contraindications
- Headache
- High blood pressure

## Modifications
- Strap around foot

## Preparatory Poses
- Downward Facing Dog Pose
- Bound Angle Pose
- Standing Forward Fold",cdbdccbc-9125-4d58-bf12-58fbb889c8c6,2025-05-14 17:55:34.560505+00,2025-05-14 17:55:34.560505+00
c66774d3-a7ae-4941-b2a8-772d30637d8c,asana,Reclining Bound Angle Pose,"## Sanskrit Name
Supta Baddha Konasana

## Category
Supine

## Benefits
- Opens the hips and groin
- Stimulates abdominal organs and improves circulation
- Helps relieve stress and anxiety
- Stretches the inner thighs
- Beneficial for menstrual discomfort

## Contraindications
- Groin or knee injury
- Lower back issues

## Modifications
- Support knees with blocks or blankets
- Bolster under the spine
- Pillow under head and neck

## Preparatory Poses
- Bound Angle Pose
- Hand-to-Big Toe Pose
- Hero's Pose
- Child's Pose",cdbdccbc-9125-4d58-bf12-58fbb889c8c6,2025-05-14 17:55:34.519199+00,2025-05-14 17:55:34.519199+00
5cc05fe6-d239-49f4-adda-e62fd6bde9ca,asana,Reclining Hand-to-Big-Toe Pose,"## Sanskrit Name
Supta Padangusthasana

## Category
Supine

## Benefits
- Stretches hamstrings, calves, and groins
- Strengthens the knees
- Relieves backache and sciatica
- Improves digestion
- Therapeutic for high blood pressure

## Contraindications
- Hamstring injury
- Knee injury
- Neck problems

## Modifications
- Use a strap around the foot
- Keep the raised leg bent
- Support head with a folded blanket

## Preparatory Poses
- Staff Pose
- Standing Forward Fold
- Head-to-Knee Pose
- Bound Angle Pose",cdbdccbc-9125-4d58-bf12-58fbb889c8c6,2025-05-14 17:55:34.473543+00,2025-05-14 17:55:34.473543+00
a2f5a715-21f7-494b-9c64-b258c06d27c7,asana,Lord of the Dance Pose,"## Sanskrit Name
Natarajasana

## Category
Standing Balance

## Benefits
- Stretches the shoulders and chest
- Stretches the thighs, groins, and abdomen
- Strengthens the legs and ankles
- Improves balance

## Contraindications
- Back injury
- Shoulder injury
- Quadricep injury

## Modifications
- Hands on a wall
- Hold foot without leaning forward

## Preparatory Poses
- Bow Pose
- Reclining Hero Pose
- Hand-to-Big Toe Pose
- Upward Bow Pose
- Camel Pose
- Standing Forward Fold
- Warrior III
- Warrior I
- Hero's Pose
- Tree Pose",cdbdccbc-9125-4d58-bf12-58fbb889c8c6,2025-05-14 17:55:34.41684+00,2025-05-14 17:55:34.41684+00
769b922e-fe9a-451a-81a2-8b6078b2fc23,asana,Eagle Pose,"## Sanskrit Name
Garudasana

## Category
Standing Balance

## Benefits
- Strengthens and stretches the ankles and calves
- Stretches the thighs, hips, shoulders, and upper back
- Improves concentration
- Improves sense of balance

## Contraindications
- Knee injury

## Modifications
- Brace yourself on a wall
- Keep wrapped foot on the ground

## Preparatory Poses
- Downward Facing Dog Pose
- Cow Face Pose
- Wide-leg Forward Fold
- Tree Pose",cdbdccbc-9125-4d58-bf12-58fbb889c8c6,2025-05-14 17:55:34.375639+00,2025-05-14 17:55:34.375639+00
596fc99b-59f8-4d59-a1cf-1f2c3613d49d,asana,Tree Pose,"## Sanskrit Name
Vrksasana

## Category
Standing Balance

## Benefits
- Strengthens thighs, calves, ankles, and spine
- Stretches the groins and inner thighs, chest and shoulders
- Improves sense of balance
- Relieves sciatica and reduces flat feet

## Contraindications
- Headache
- Insomnia
- Low blood pressure
- High blood pressure

## Modifications
- Stand with back against a wall
- Heel on ankle with toes still on floor

## Preparatory Poses
- Bound Angle Pose
- Extended Triangle
- Warrior II",cdbdccbc-9125-4d58-bf12-58fbb889c8c6,2025-05-14 17:55:34.337638+00,2025-05-14 17:55:34.337638+00
3049b32e-a274-4152-948c-5c2030404827,asana,Extended Hand-to-Big Toe Pose,"## Sanskrit Name
Utthita Hasta Padangusthasana

## Category
Standing Balance

## Benefits
- Strengthens the legs and ankles
- Stretches the backs of the legs
- Improves sense of balance

## Contraindications
- Ankle injury
- Low back injury
- Hamstring injury

## Modifications
- Hand on a wall
- Hold knee instead of toe

## Preparatory Poses
- Standing Forward Fold
- Extended Triangle",cdbdccbc-9125-4d58-bf12-58fbb889c8c6,2025-05-14 17:55:34.29961+00,2025-05-14 17:55:34.29961+00
8933eff1-9ddc-4951-9165-4ca675116505,asana,Child's Pose,"## Sanskrit Name
Balasana

## Category
Seated

## Benefits
- Stretches the hips, thighs, and ankles
- Calms the brain and helps relieve stress and fatigue
- Relieves back and neck pain when done with head and torso supported

## Contraindications
- Knee injury

## Modifications
- Bolster or block under head or torso",cdbdccbc-9125-4d58-bf12-58fbb889c8c6,2025-05-14 17:55:34.25674+00,2025-05-14 18:55:54.029563+00
d5ce8cae-be64-4a22-96b7-f54a8093e2bd,asana,Cat/Cow Pose,"## Sanskrit Name
Marjaryasana/Bitilasana

## Category
Seated

## Benefits
- Stretches the hips, thighs, and ankles
- Calms the brain and helps relieve stress and fatigue
- Relieves back and neck pain when done with head and torso supported

## Contraindications
- Spine injury

## Modifications
- Blanket under knees

## Preparatory Poses
- Child's Pose",cdbdccbc-9125-4d58-bf12-58fbb889c8c6,2025-05-14 17:55:34.19354+00,2025-05-14 17:55:34.19354+00
07cd1cf2-18ad-4342-bc96-07d1bfba71ec,asana,Pigeon Pose,"## Sanskrit Name
Eka Pada Rajakapotasana

## Category
Seated

## Benefits
- Stretches the thighs, groins and psoas, abdomen, chest and shoulders, and neck
- Stimulates the abdominal organs
- Opens the shoulders and chest

## Contraindications
- Sacroiliac injury
- Ankle injury
- Knee injury
- Tight hips or thighs

## Modifications
- Blanket or block under front hip
- Stay upright
- Figure 4 stretch

## Preparatory Poses
- Cow Face Pose
- Reclining Hero Pose
- Reclining Bound Angle Pose
- Extended Side Angle
- Extended Triangle
- Hero's Pose
- Tree Pose",cdbdccbc-9125-4d58-bf12-58fbb889c8c6,2025-05-14 17:55:34.150374+00,2025-05-14 17:55:34.150374+00
784fe72b-9e33-4fc8-ad0c-20489e20ba94,asana,Wide-Angle Seated Forward Fold,"## Sanskrit Name
Upavistha Konasana

## Category
Seated

## Benefits
- Stretches the insides and backs of the legs
- Stimulates the abdominal organs
- Strengthens the spine
- Calms the brain
- Releases groins

## Contraindications
- Low back injury
- Hamstring injury

## Modifications
- Blankets under knees
- Stay upright

## Preparatory Poses
- Bound Angle Pose
- Staff Pose
- Wide-leg Forward Fold
- Reclining Bound Angle Pose
- Hand-to-Big Toe Pose",cdbdccbc-9125-4d58-bf12-58fbb889c8c6,2025-05-14 17:55:34.10791+00,2025-05-14 17:55:34.10791+00
fa62bee8-5ae0-44f3-bde4-873376bb69ee,asana,Easy Pose,"## Sanskrit Name
Sukhasana

## Category
Seated

## Benefits
- Calms the brain
- Strengthens the back
- Stretches the knees and ankles

## Contraindications
- Knee injury

## Modifications
- Sit on a blanket or block",cdbdccbc-9125-4d58-bf12-58fbb889c8c6,2025-05-14 17:55:34.06901+00,2025-05-14 17:55:34.06901+00
415e51ae-f3bc-4da3-8314-09aab0294161,asana,Fire Log Pose,"## Sanskrit Name
Agnistambhasana

## Category
Seated

## Benefits
- Stretches the hips and groin

## Contraindications
- Low back injury
- Knee injury

## Modifications
- Figure 4 stretch

## Preparatory Poses
- Bound Angle Pose
- Reclining Bound Angle Pose
- Pigeon Pose",cdbdccbc-9125-4d58-bf12-58fbb889c8c6,2025-05-14 17:55:34.022343+00,2025-05-14 17:55:34.022343+00
7a558b4a-b230-428b-b368-5a4284be6920,asana,Cow Face Pose,"## Sanskrit Name
Gomukhasana

## Category
Seated

## Benefits
- Stretches the ankles, hips and thighs, shoulders, armpits and triceps, and chest

## Contraindications
- Neck injury
- Shoulder injury
- Knee injury

## Modifications
- Clasp a towel behind the back

## Preparatory Poses
- Bound Angle Pose
- Reclining Hero Pose
- Reclining Bound Angle Pose
- Hand-to-Big Toe Pose
- Wide-Angle Seated Forward Fold
- Hero's Pose",cdbdccbc-9125-4d58-bf12-58fbb889c8c6,2025-05-14 17:55:33.981623+00,2025-05-14 17:55:33.981623+00
3edee8b2-9f4b-4b40-b75c-fbe93b1304d0,asana,Thunderbolt Pose,"## Sanskrit Name
Vajrasana

## Category
Seated

## Benefits
- Stretches the thighs, knees, and ankles
- Strengthens the arches
- Improves digestion and relieves gas
- Helps relieve menopause symptoms
- Reduces swelling of the legs during pregnancy
- Therapeutic for high blood pressure and asthma

## Contraindications
- Heart problems
- Headache
- Knee or ankle injury

## Modifications
- Place a blanket or block between the sit bones and the calves

## Preparatory Poses
- Child's Pose
- Bound Angle Pose",cdbdccbc-9125-4d58-bf12-58fbb889c8c6,2025-05-14 17:55:33.942614+00,2025-05-14 17:55:33.942614+00
7b4eec1f-fd2e-40db-bedb-ab0080766189,asana,Hero's Pose,"## Sanskrit Name
Virasana

## Category
Seated

## Benefits
- Stretches the thighs, knees, and ankles
- Strengthens the arches
- Improves digestion and relieves gas
- Helps relieve menopause symptoms
- Reduces swelling of the legs during pregnancy
- Therapeutic for high blood pressure and asthma

## Contraindications
- Heart problems
- Headache
- Knee or ankle injury

## Modifications
- Place a blanket or block between the sit bones and the calves

## Preparatory Poses
- Child's Pose
- Bound Angle Pose",cdbdccbc-9125-4d58-bf12-58fbb889c8c6,2025-05-14 17:55:33.894514+00,2025-05-14 17:55:33.894514+00
b9adabb2-f3bf-4c17-975d-a5a01e1c3a92,asana,Pose dedicated to the sage Marichi A,"## Sanskrit Name
Marichyasana A

## Category
Seated

## Benefits
- Stretches the spine and shoulders
- Stimulates abdominal organs
- Improves digestion
- Strengthens the back
- Increases flexibility in the hips

## Contraindications
- Lower back injury
- Shoulder injury
- Knee injury

## Modifications
- Use a strap if hands don't reach
- Sit on a folded blanket for tight hamstrings
- Keep extended leg slightly bent

## Preparatory Poses
- Staff Pose
- Head-to-Knee Pose
- Seated Forward Fold
- Half Lord of the Fishes Pose",cdbdccbc-9125-4d58-bf12-58fbb889c8c6,2025-05-14 17:55:33.843358+00,2025-05-14 17:55:33.843358+00
628d3d8e-0bd8-484b-978d-e5ab2a120a4c,asana,Half Lord of the Fishes Pose,"## Sanskrit Name
Ardha Matsyendrasana

## Category
Seated

## Benefits
- Stimulates the liver and kidneys
- Stretches the shoulders, hips, and neck
- Energizes the spine
- Stimulates the digestive fire in the belly
- Relieves menstrual discomfort, fatigue, sciatica, and backache

## Contraindications
- Back or spine injury

## Modifications
- Keep the lower leg straight

## Preparatory Poses
- Bound Angle Pose
- Head-to-Knee Pose
- Hand-to-Big Toe Pose
- Hero's Pose",cdbdccbc-9125-4d58-bf12-58fbb889c8c6,2025-05-14 17:55:33.80757+00,2025-05-14 17:55:33.80757+00
83bbe4a5-f69e-43bc-b0d5-1ffeeeaad11a,asana,Bound Lotus Pose,"## Sanskrit Name
Baddha Padmasana

## Category
Seated

## Benefits
- Calms the brain
- Stimulates the pelvis, spine, abdomen, and bladder
- Stretches the ankles and knees
- Eases menstrual discomfort and sciatica

## Contraindications
- Ankle injury
- Knee injury
- Shoulder injury

## Modifications
- Sit on a cushion or a blanket
- Hold opposite elbows behind the back

## Preparatory Poses
- Half Lord of the Fishes Pose
- Bound Angle Pose
- Head-to-Knee Pose
- Hero's Pose",cdbdccbc-9125-4d58-bf12-58fbb889c8c6,2025-05-14 17:55:33.749713+00,2025-05-14 17:55:33.749713+00
452403e7-edb9-4cdf-9896-dc9411dd657a,asana,Lotus Pose,"## Sanskrit Name
Padmasana

## Category
Seated

## Benefits
- Calms the brain
- Stimulates the pelvis, spine, abdomen, and bladder
- Stretches the ankles and knees
- Eases menstrual discomfort and sciatica

## Contraindications
- Ankle injury
- Knee injury

## Modifications
- Sit on a cushion or a blanket

## Preparatory Poses
- Half Lord of the Fishes Pose
- Bound Angle Pose
- Head-to-Knee Pose
- Hero's Pose",cdbdccbc-9125-4d58-bf12-58fbb889c8c6,2025-05-14 17:55:33.713384+00,2025-05-14 17:55:33.713384+00
05723646-7547-4b8f-a32e-8d894ad4620d,asana,Bound Angle Pose,"## Sanskrit Name
Baddha Konasana

## Category
Seated

## Benefits
- Stimulates abdominal organs, ovaries and prostate gland, bladder, and kidneys
- Stimulates the heart and improves general circulation
- Stretches the inner thighs, groins, and knees
- Helps relieve mild depression, anxiety, and fatigue
- Soothes menstrual discomfort and sciatica
- Helps relieve menopause symptoms

## Contraindications
- Groin or knee injury

## Modifications
- Blankets or blocks under the knees
- Don't fold forward

## Preparatory Poses
- Hand-to-Big Toe Pose
- Hero's Pose",cdbdccbc-9125-4d58-bf12-58fbb889c8c6,2025-05-14 17:55:33.679649+00,2025-05-14 17:55:33.679649+00
ee5c6397-91de-4bc3-8c17-268f41d326e4,asana,Boat Pose,"## Sanskrit Name
Navasana

## Category
Seated

## Benefits
- Strengthens the abdomen, hip flexors, and spine
- Stimulates the kidneys, thyroid and prostate glands, and intestines
- Helps relieve stress
- Improves digestion

## Contraindications
- Asthma
- Headache
- Heart Problems
- Insomnia
- Low blood pressure
- Menstruation
- Pregnancy
- Neck injury

## Modifications
- Keep the feet on the floor
- Keep the knees bent
- Hold the backs of the thighs

## Preparatory Poses
- Downward Facing Dog Pose
- Standing Forward Fold",cdbdccbc-9125-4d58-bf12-58fbb889c8c6,2025-05-14 17:55:33.640251+00,2025-05-14 17:55:33.640251+00
72bdc15d-0f07-4595-890e-9280e4594015,asana,Head-to-Knee Pose,"## Sanskrit Name
Janu Sirsasana

## Category
Seated

## Benefits
- Calms the brain and helps relieve mild depression
- Stretches the spine, shoulders, hamstrings, and groins
- Stimulates the liver and kidneys
- Improves digestion
- Helps relieve menopause symptoms
- Relieves anxiety, fatigue, headache, menstrual discomfort

## Contraindications
- Knee injury
- Hamstring injury

## Modifications
- Blanket under bent knee
- Strap around extended foot

## Preparatory Poses
- Downward Facing Dog Pose
- Bound Angle Pose
- Child's Pose
- Hand-to-Big Toe Pose
- Standing Forward Fold
- Tree Pose",cdbdccbc-9125-4d58-bf12-58fbb889c8c6,2025-05-14 17:55:33.597474+00,2025-05-14 17:55:33.597474+00
62b82620-ab73-4850-9c0d-fe374ebe10bb,asana,Upward Plank Pose,"## Sanskrit Name
Purvottanasana

## Category
Seated

## Benefits
- Strengthens the arms, wrists and legs
- Stretches the shoulders, chest, and front ankles
- Counterpose for Paschimottanasana

## Contraindications
- Wrist injury
- Neck injury

## Modifications
- Knees bent: reverse table top

## Preparatory Poses
- Cow Face Pose
- Reclining Hero Pose
- Bridge Pose
- Bow Pose",cdbdccbc-9125-4d58-bf12-58fbb889c8c6,2025-05-14 17:55:33.561208+00,2025-05-14 17:55:33.561208+00
11708ab1-9493-4f4c-b984-def3122805ad,asana,Seated Forward Fold,"## Sanskrit Name
Paschimottanasana

## Category
Seated

## Benefits
- Calms the brain and helps relieve stress and mild depression
- Stretches the spine, shoulders, hamstrings
- Stimulates the liver, kidneys, ovaries, and uterus
- Improves digestion
- Helps relieve the symptoms of menopause and menstrual discomfort
- Soothes headache and anxiety and reduces fatigue

## Contraindications
- Back injury
- Hamstring injury

## Modifications
- Sitting up on a blanket
- Strap around the feet
- Blanket under the knees

## Preparatory Poses
- Child's Pose
- Head-to-Knee Pose
- Standing Forward Fold",cdbdccbc-9125-4d58-bf12-58fbb889c8c6,2025-05-14 17:55:33.519425+00,2025-05-14 17:55:33.519425+00
4063d2ca-975a-4af1-b2cf-1ede1d7c0b16,asana,Staff Pose,"## Sanskrit Name
Dandasana

## Category
Seated

## Benefits
- Strengthens the back muscles
- Stretches the shoulders and chest
- Improves posture

## Contraindications
- Tight or injured hamstrings

## Modifications
- Place a blanket under the knees
- Back against a wall

## Preparatory Poses
- Downward Facing Dog Pose
- Standing Forward Fold",cdbdccbc-9125-4d58-bf12-58fbb889c8c6,2025-05-14 17:55:33.462694+00,2025-05-14 17:55:33.462694+00
28723f01-f162-49cc-80a5-d4e0690f7703,asana,Headstand Pose,"## Sanskrit Name
Sirsasana

## Category
Inversion

## Benefits
- Calms the brain and helps relieve stress and mild depression
- Stimulates the pituitary and pineal glands
- Strengthens the arms, legs, and spine
- Strengthens the lungs
- Tones the abdominal organs
- Improves digestion
- Helps relieve menopause symptoms

## Contraindications
- Back injury
- Headache
- Heart condition
- High blood pressure
- Menstruation
- Neck injury
- Low blood pressure

## Modifications
- Dolphin Prep for Head Stand
- Support head with blocks

## Preparatory Poses
- Downward Facing Dog Pose
- Supported Shoulderstand
- Standing Forward Fold
- Hero's Pose
- Dolphin Pose",cdbdccbc-9125-4d58-bf12-58fbb889c8c6,2025-05-14 17:55:33.423444+00,2025-05-14 17:55:33.423444+00
f069bc78-3561-4d7c-a4e6-a10a4f20b313,asana,Dolphin Pose,"## Sanskrit Name
Ardha Pincha Mayurasana

## Category
Inversion

## Benefits
- Calms the brain and helps relieve stress and mild depression
- Stretches the shoulders, hamstrings, calves, and arches
- Strengthens the arms and legs
- Helps relieve menopause symptoms
- Relieves menstrual discomfort when done with head supported
- Helps prevent osteoporosis
- Improves digestion
- Relieves headache, insomnia, back pain, and fatigue

## Contraindications
- Shoulder injury
- Neck injury

## Modifications
- Keep knees bent

## Preparatory Poses
- Plank Pose
- Standing Forward Fold
- Cow Face Pose",cdbdccbc-9125-4d58-bf12-58fbb889c8c6,2025-05-14 17:55:33.357767+00,2025-05-14 17:55:33.357767+00
08b09438-400e-44cb-948f-f7e76d8395ed,asana,Ear Pressure Pose,"## Sanskrit Name
Karnapidasana

## Category
Inversion

## Benefits
- Calms the brain
- Stimulates the abdominal organs and the thyroid gland
- Stretches the shoulders and spine
- Helps relieve menopause symptoms
- Reduces stress and fatigue

## Contraindications
- Menstruation
- Neck injury

## Modifications
- Stay in plow pose

## Preparatory Poses
- Supported Shoulderstand
- Plow Pose
- Bridge Pose",cdbdccbc-9125-4d58-bf12-58fbb889c8c6,2025-05-14 17:55:33.316491+00,2025-05-14 17:55:33.316491+00
fd3d2d4e-ffc5-460d-a991-3409c571fdf3,asana,Plow Pose,"## Sanskrit Name
Halasana

## Category
Inversion

## Benefits
- Calms the brain
- Stimulates the abdominal organs and the thyroid gland
- Stretches the shoulders and spine
- Helps relieve menopause symptoms
- Reduces stress and fatigue

## Contraindications
- Menstruation
- Neck injury

## Modifications
- Hands hold outer edges of the mat
- Feet on a block, blanket or chair

## Preparatory Poses
- Supported Shoulderstand
- Bridge Pose",cdbdccbc-9125-4d58-bf12-58fbb889c8c6,2025-05-14 17:55:33.276894+00,2025-05-14 17:55:33.276894+00
2e6ed1cc-9923-42ce-9855-cfca3795fb34,asana,Supported Shoulderstand,"## Sanskrit Name
Salamba Sarvangasana

## Category
Inversion

## Benefits
- Calms the brain and helps relieve stress and mild depression
- Stimulates the thyroid and prostate glands and abdominal organs
- Stretches the shoulders and neck
- Tones the legs and buttocks
- Improves digestion
- Helps relieve menopause symptoms
- Reduces fatigue and alleviates insomnia

## Contraindications
- Headache
- High blood pressure
- Menstruation
- Neck injury

## Modifications
- Blanket under the shoulders and back
- Legs up the wall

## Preparatory Poses
- Plow Pose
- Bridge Pose
- Hero's Pose",cdbdccbc-9125-4d58-bf12-58fbb889c8c6,2025-05-14 17:55:33.233931+00,2025-05-14 17:55:33.233931+00
a796f4cb-0932-4f4b-bc98-ce042ef5b33b,asana,Legs-Up-The-Wall Pose,"## Sanskrit Name
Viparita Karani

## Category
Inversion

## Benefits
- Relieves tired or cramped legs and feet
- Gently stretches the back legs, front torso, and back of the neck
- Relieves mild backache
- Calms the mind

## Contraindications
- Serious eye problems like glaucoma
- Serious neck or back problems
- Menstruation (check with teacher)

## Modifications
- Blanket under hips
- Hips farther away from the wall for tight hamstrings

## Preparatory Poses
- Bridge Pose
- Reclining Bound Angle Pose
- Standing Forward Fold
- Hero's Pose",cdbdccbc-9125-4d58-bf12-58fbb889c8c6,2025-05-14 17:55:33.182278+00,2025-05-14 17:55:33.182278+00
89ede91f-8464-49f0-b063-cef93b1031dc,asana,Downward Facing Dog Pose,"## Sanskrit Name
Adho Mukha Svanasana

## Category
Inversion

## Benefits
- Calms the brain and helps relieve stress and mild depression
- Energizes the body
- Stretches the shoulders, hamstrings, calves, arches, and hands
- Strengthens the arms and legs
- Helps relieve the symptoms of menopause
- Relieves menstrual discomfort when done with head supported
- Helps prevent osteoporosis
- Improves digestion
- Relieves headache, insomnia, back pain, and fatigue
- Therapeutic for high blood pressure, asthma, flat feet, sciatica, sinusitis

## Contraindications
- Carpal tunnel syndrome
- Wrist or shoulder injury
- Pregnancy: Do not do this pose late-term.
- High blood pressure or headache: Support your head on a bolster or block, ears level between the arms.

## Modifications
- Hands on blocks
- Bent knees

## Preparatory Poses
- Plank Pose
- Standing Forward Fold",cdbdccbc-9125-4d58-bf12-58fbb889c8c6,2025-05-14 17:55:33.141535+00,2025-05-14 17:55:33.141535+00
7adb1bcd-005f-40ba-9142-cd4ccd630a31,asana,Standing Splits,"## Sanskrit Name
Urdhva Prasarita Eka Padasana

## Category
Internal Rotation

## Benefits
- Calms the brain
- Stimulates the liver and kidneys
- Stretches the hamstrings, calves, and thighs
- Strengthens the thighs, knees, and ankles
- Stretches the back of the leg, the front thigh and groin

## Contraindications
- Lower back injury
- Ankle or knee injury
- Hamstring injury

## Modifications
- Hands on a block

## Preparatory Poses
- Standing Forward Fold
- Hand to Big Toe Pose
- Wide-leg Forward Fold
- Downward Facing Dog Pose
- Head-to-Knee Pose
- Seated Forward Fold
- Hand-to-Big Toe Pose",cdbdccbc-9125-4d58-bf12-58fbb889c8c6,2025-05-14 17:55:33.102075+00,2025-05-14 17:55:33.102075+00
d3170dd3-8202-46f1-a3c4-d659960d8b4d,asana,Monkey Pose,"## Sanskrit Name
Hanumanasana

## Category
Internal Rotation

## Benefits
- Stretches the thighs, hamstrings, groins
- Stimulates the abdominal organs

## Contraindications
- Hamstring Injury
- Groin Injury

## Modifications
- Hands on blocks
- Bend both knees

## Preparatory Poses
- Bound Angle Pose
- Head-to-Knee Pose
- Seated Forward Fold
- Wide-leg Forward Fold
- Wide-Angle Seated Forward Fold
- Standing Forward Fold",cdbdccbc-9125-4d58-bf12-58fbb889c8c6,2025-05-14 17:55:33.058059+00,2025-05-14 17:55:33.058059+00
a3dfb0e5-e18b-4d67-b8ea-23e35a6c0955,asana,Revolved Half Moon Pose,"## Sanskrit Name
Parivrtta Ardha Chandrasana

## Category
Internal Rotation

## Benefits
- Builds strength in the ankles, thighs, abdomen, buttocks, and lower back
- Stretches the shoulders, chest, torso, spine, groins, hamstrings, and calves
- Builds stability in the core muscles
- Helps develop physical and mental stamina

## Contraindications
- Low blood pressure
- Headaches
- Insomnia

## Modifications
- Hand on a block
- Back foot on a wall

## Preparatory Poses
- Half Moon
- Wide-leg Forward Fold
- Hand-to-Big Toe Pose
- Revolved Side Angle Pose
- Revolved Triangle Pose
- Standing Forward Fold
- Warrior II
- Warrior I",cdbdccbc-9125-4d58-bf12-58fbb889c8c6,2025-05-14 17:55:33.019781+00,2025-05-14 17:55:33.019781+00
e2fbcb89-1446-4056-9dee-8b74400c6fed,asana,Revolved Side Angle Pose,"## Sanskrit Name
Parivrtta Parsvakonasana

## Category
Internal Rotation

## Benefits
- Strengthens and stretches the legs, knees, and ankles
- Stretches the groins, spine, chest, lungs, and shoulders
- Stimulates abdominal organs
- Increases stamina
- Improves digestion and aids elimination
- Improves balance

## Contraindications
- Headache
- High or low blood pressure
- Insomnia

## Modifications
- Drop the back knee
- Lift the back heel

## Preparatory Poses
- Reclining Bound Angle Pose
- Standing Forward Fold
- Extended Side Angle
- Extended Triangle
- Revolved Triangle Pose
- Warrior II",cdbdccbc-9125-4d58-bf12-58fbb889c8c6,2025-05-14 17:55:32.977208+00,2025-05-14 17:55:32.977208+00
53126e67-a1ce-495e-b39c-242ee98bd24c,asana,Revolved Triangle Pose,"## Sanskrit Name
Parivrtta Trikonasana

## Category
Internal Rotation

## Benefits
- Strengthens and stretches the legs
- Stretches the hips and spine
- Opens the chest to improve breathing
- Relieves mild back pain
- Stimulates the abdominal organs
- Improves sense of balance

## Contraindications
- Low blood pressure
- Migraine
- Back or Spine Injury
- Headache
- Insomnia

## Modifications
- Place the hand inside the foot
- Place the hand on a block
- Bend the front knee

## Preparatory Poses
- Wide-leg Forward Fold
- Reclining Bound Angle Pose
- Standing Forward Fold
- Extended Side Angle
- Extended Triangle
- Warrior II",cdbdccbc-9125-4d58-bf12-58fbb889c8c6,2025-05-14 17:55:32.93894+00,2025-05-14 17:55:32.93894+00
eb8b1c5d-0c9e-42c8-9258-b651f8507a2a,asana,Intense Side Stretch Pose,"## Sanskrit Name
Parsvottanasana

## Category
Internal Rotation

## Benefits
- Calms the brain
- Stretches the spine, shoulders, wrists, hips, and hamstrings
- Strengthens the legs
- Stimulates the abdominal organs
- Improves posture and sense of balance
- Improves digestion

## Contraindications
- Back Injury
- Hamstring Injury
- Shoulder Injury

## Modifications
- Lift back heel
- Don't fold all the way forward
- Drop hands to either side of the feet

## Preparatory Poses
- Downward Facing Dog Pose
- Bound Angle Pose
- Cow Face Pose
- Wide-leg Forward Fold
- Reclining Bound Angle Pose
- Standing Forward Fold
- Extended Side Angle
- Extended Triangle",cdbdccbc-9125-4d58-bf12-58fbb889c8c6,2025-05-14 17:55:32.900968+00,2025-05-14 17:55:32.900968+00
58b7d50f-2eb8-4a8d-b17d-32c0e2e5baa6,asana,Warrior III,"## Sanskrit Name
Virabhadrasana III

## Category
Internal Rotation

## Benefits
- Strengthens the ankles and legs
- Strengthens the shoulders and muscles of the back
- Tones the abdomen
- Improves balance and posture

## Contraindications
- High blood pressure

## Modifications
- Hold a chair or the wall
- Hands to prayer at heart's center
- Arms reaching back like airplane arms

## Preparatory Poses
- Half Moon
- Wide-leg Forward Fold
- Hand-to-Big Toe Pose
- Reclining Hero Pose
- Chair Pose
- Standing Forward Fold
- Warrior II
- Warrior I",cdbdccbc-9125-4d58-bf12-58fbb889c8c6,2025-05-14 17:55:32.863082+00,2025-05-14 17:55:32.863082+00
7e898d63-e383-44f2-8fb0-51940d1a5dfd,asana,Wide-leg Forward Fold,"## Sanskrit Name
Prasarita Padottanasana

## Category
Internal Rotation

## Benefits
- Strengthens and stretches the inner and back legs and spine
- Tones the abdominal organs
- Calms the brain
- Relieves mild backache

## Contraindications
- Low back issues

## Modifications
- Bend knees
- Hands on a block

## Preparatory Poses
- Downward Facing Dog Pose
- Reclining Bound Angle Pose
- Standing Forward Fold",cdbdccbc-9125-4d58-bf12-58fbb889c8c6,2025-05-14 17:55:32.821721+00,2025-05-14 17:55:32.821721+00
0ac72a55-6502-462f-a4ee-c0d34aead418,asana,Hand to Foot Pose,"## Sanskrit Name
Padahastasana

## Category
Internal Rotation

## Benefits
- Calms the brain and helps relieve stress, anxiety and mild depression
- Stimulates the liver and kidneys
- Stretches the hamstrings and calves
- Strengthens the thighs
- Improves digestion
- Helps relieve menopause symptoms
- Helps relieve headache and insomnia

## Contraindications
- Lower back injury
- Neck injury

## Modifications
- Strap around feet
- Stay in padangustasana

## Preparatory Poses
- Hand-to-Big Toe Pose
- Downward Facing Dog Pose
- Standing Forward Fold
- Seated Forward Fold",cdbdccbc-9125-4d58-bf12-58fbb889c8c6,2025-05-14 17:55:32.780646+00,2025-05-14 17:55:32.780646+00
e11ba54f-966c-4196-989b-a213c447e9b0,asana,Hand to Big Toe Pose,"## Sanskrit Name
Padangusthasana

## Category
Internal Rotation

## Benefits
- Calms the brain and helps relieve stress, anxiety and mild depression
- Stimulates the liver and kidneys
- Stretches the hamstrings and calves
- Strengthens the thighs
- Improves digestion
- Helps relieve headache and insomnia

## Contraindications
- Lower back injury
- Neck injury

## Modifications
- Strap around feet

## Preparatory Poses
- Hand-to-Big Toe Pose
- Standing Forward Fold
- Seated Forward Fold",cdbdccbc-9125-4d58-bf12-58fbb889c8c6,2025-05-14 17:55:32.725616+00,2025-05-14 17:55:32.725616+00
fce61a1d-cd6e-494b-9146-d11b62051f01,asana,Devotional Warrior,"## Sanskrit Name
Humble Warrior

## Category
Internal Rotation

## Benefits
- Stretches the chest, lungs, shoulders, neck, belly, groins
- Strengthens the shoulders, arms, and back muscles
- Strengthens and stretches the thighs, calves, and ankles

## Contraindications
- High blood pressure
- Heart problems
- Shoulder problems

## Modifications
- Keep the ball of back foot lifted
- Hold a strap if shoulders are tight

## Preparatory Poses
- Downward Facing Dog Pose
- Wide-leg Forward Fold
- Warrior I
- Hero's Pose",cdbdccbc-9125-4d58-bf12-58fbb889c8c6,2025-05-14 17:55:32.691621+00,2025-05-14 17:55:32.691621+00
1f0fefbb-1e38-4b30-bffe-3baec97eadae,asana,Warrior I,"## Sanskrit Name
Virabhadrasana I

## Category
Internal Rotation

## Benefits
- Stretches the chest, lungs, shoulders, neck, belly, groins
- Strengthens the shoulders, arms, and back muscles
- Strengthens and stretches the thighs, calves, and ankles

## Contraindications
- High blood pressure
- Heart problems
- Shoulder problems

## Modifications
- Keep the ball of back foot lifted

## Preparatory Poses
- Downward Facing Dog Pose
- Wide-leg Forward Fold
- Reclining Bound Angle Pose
- Warrior II
- Hero's Pose",cdbdccbc-9125-4d58-bf12-58fbb889c8c6,2025-05-14 17:55:32.65693+00,2025-05-14 17:55:32.65693+00
38df769d-c58a-4794-9545-9f29156ee156,asana,High Lunge,"## Sanskrit Name
Ashta Chandrasana

## Category
Internal Rotation

## Benefits
- Stretches the hip flexors and quadriceps
- Stretches the shoulders and chest

## Contraindications
- Heart problems

## Modifications
- Back knee on a block or the ground
- Hands on your hips
- Hands on the ground

## Preparatory Poses
- Downward Facing Dog Pose
- Wide-leg Forward Fold
- Chair Pose
- Hero's Pose",cdbdccbc-9125-4d58-bf12-58fbb889c8c6,2025-05-14 17:55:32.619247+00,2025-05-14 17:55:32.619247+00
04d74593-b25f-4f5a-b2f5-2dc100d200a6,asana,Low Lunge,"## Sanskrit Name
Anjaneyasana

## Category
Internal Rotation

## Benefits
- Stretches the hip flexors and quadriceps
- Stretches the shoulders and chest

## Contraindications
- Heart problems

## Modifications
- Blanket under back knee
- Keep hands on ground

## Preparatory Poses
- Downward Facing Dog Pose
- Wide-leg Forward Fold
- Chair Pose
- Hero's Pose",cdbdccbc-9125-4d58-bf12-58fbb889c8c6,2025-05-14 17:55:32.548943+00,2025-05-14 17:55:32.548943+00
48748b72-7162-4aac-a800-6881933725b7,asana,Revolved Chair Pose,"## Sanskrit Name
Parivrtta Utkatasana

## Category
Internal Rotation

## Benefits
- Strengthens the legs and ankles
- Tones the abdominal muscles
- Improves balance and coordination
- Stimulates digestive organs
- Increases spinal mobility

## Contraindications
- Low back injury
- Knee problems
- High blood pressure
- Headache

## Modifications
- Keep feet hip-width apart for stability
- Don't twist as deeply
- Keep hands in prayer position at heart center

## Preparatory Poses
- Chair Pose
- Revolved Triangle Pose
- Wide-leg Forward Fold
- Half Lord of the Fishes Pose",cdbdccbc-9125-4d58-bf12-58fbb889c8c6,2025-05-14 17:55:32.510768+00,2025-05-14 17:55:32.510768+00
8f7c5fb2-6e6d-4b59-b869-721f655e3eca,asana,Chair Pose,"## Sanskrit Name
Utkatasana

## Category
Internal Rotation

## Benefits
- Strengthens the ankles, thighs, calves, and spine
- Stretches shoulders and chest
- Stimulates the abdominal organs, diaphragm, and heart
- Reduces flat feet

## Contraindications
- Headache
- Insomnia
- Low blood pressure

## Modifications
- Feet hip-width apart
- Hands at heart's center

## Preparatory Poses
- Hero's Pose
- Cobra Pose
- Downward Facing Dog Pose",cdbdccbc-9125-4d58-bf12-58fbb889c8c6,2025-05-14 17:55:32.471422+00,2025-05-14 17:55:32.471422+00
f6895592-6d7b-4d88-a228-6aa07f97a8c8,asana,Upward Salute,"## Sanskrit Name
Urdhva Hastasana

## Category
Standing Balance

## Benefits
- Stretches the belly
- Improves digestion
- Stretches the shoulders and armpits
- Helps relieve mild anxiety

## Contraindications
- Shoulder or neck injuries

## Modifications
- Palms to prayer at heart's center

## Preparatory Poses
- Downward Facing Dog Pose
- Standing Forward Fold",cdbdccbc-9125-4d58-bf12-58fbb889c8c6,2025-05-14 17:55:32.434936+00,2025-05-14 17:55:32.434936+00
727cbf4c-5688-4aba-9650-785346ed43e7,asana,Halfway Lift,"## Sanskrit Name
Ardha Uttanasana

## Category
Internal Rotation

## Benefits
- Stretches the front torso
- Strengthens the back and improves posture
- Stimulates the belly

## Contraindications
- Neck injury
- Back injury
- Hamstring injury

## Modifications
- Bent knees

## Preparatory Poses
- Downward Facing Dog Pose
- Head-to-Knee Pose
- Seated Forward Fold",cdbdccbc-9125-4d58-bf12-58fbb889c8c6,2025-05-14 17:55:32.373975+00,2025-05-14 17:55:32.373975+00
a0d684e8-5b7d-44a9-b190-41014b2def2d,asana,Standing Forward Fold,"## Sanskrit Name
Uttanasana

## Category
Standing Balance

## Benefits
- Calms the brain and helps relieve stress and mild depression
- Stimulates the liver and kidneys
- Stretches the hamstrings, calves, and hips
- Strengthens the thighs and knees
- Improves digestion
- Reduces fatigue and anxiety
- Relieves headache and insomnia
- Therapeutic for asthma, high blood pressure, infertility, osteoporosis, and sinusitis

## Contraindications
- Back injury
- Hamstring injury

## Modifications
- Bent knees

## Preparatory Poses
- Downward Facing Dog Pose
- Head-to-Knee Pose
- Seated Forward Fold
- Hand-to-Big Toe Pose",cdbdccbc-9125-4d58-bf12-58fbb889c8c6,2025-05-14 17:55:32.323298+00,2025-05-14 17:55:32.323298+00
1c9a60a2-b410-4a4e-9b84-4d085a437497,asana,Mountain Pose,"## Sanskrit Name
Tadasana

## Category
Standing Balance

## Benefits
- Improves posture
- Strengthens thighs, knees, and ankles
- Firms abdomen and buttocks
- Relieves sciatica
- Reduces flat feet

## Contraindications
- Headache
- Insomnia
- Low blood pressure

## Modifications
- Check alignment with back against wall

## Preparatory Poses
- Downward Facing Dog Pose
- Standing Forward Fold",cdbdccbc-9125-4d58-bf12-58fbb889c8c6,2025-05-14 17:55:32.280807+00,2025-05-14 17:55:32.280807+00
21d88069-7013-4ec3-a7a4-648c16e6e682,asana,Gate Pose,"## Sanskrit Name
Parighasana

## Category
External Rotation

## Benefits
- Stretches the sides of the torso and spine
- Stretches the hamstrings
- Opens the shoulders
- Stimulates abdominal organs and lungs

## Contraindications
- Knee injury

## Modifications
- Blanket under knee
- Foot on block or wall

## Preparatory Poses
- Downward Facing Dog Pose
- Bound Angle Pose
- Wide-leg Forward Fold
- Extended Side Angle
- Hero's Pose",cdbdccbc-9125-4d58-bf12-58fbb889c8c6,2025-05-14 17:55:32.220994+00,2025-05-14 17:55:32.220994+00
fb3c3865-f86e-4466-9b63-b26ca7363c51,asana,Garland Pose,"## Sanskrit Name
Malasana

## Category
Seated

## Benefits
- Stretches the ankles, groins and back torso
- Tones the belly

## Contraindications
- Low back or knee injury

## Modifications
- Sit on a block

## Preparatory Poses
- Bound Angle Pose
- Wide-Angle Seated Forward Fold
- Hero's Pose",cdbdccbc-9125-4d58-bf12-58fbb889c8c6,2025-05-14 17:55:32.173445+00,2025-05-14 17:55:32.173445+00
b1ee69f7-2f44-4a56-95ae-b4c388f57ebb,asana,Half Moon,"## Sanskrit Name
Ardha Chandrasana

## Category
External Rotation

## Benefits
- Strengthens the abdomen, ankles, thighs, buttocks, and spine
- Stretches the groins, hamstrings, calves, shoulders, chest, and spine
- Improves coordination and sense of balance
- Helps relieve stress
- Improves digestion

## Contraindications
- Headache or migraine
- Low blood pressure
- Diarrhea
- Insomnia

## Modifications
- Keep top hand on hip
- Place bottom hand on block

## Preparatory Poses
- Standing Forward Fold
- Extended Triangle",cdbdccbc-9125-4d58-bf12-58fbb889c8c6,2025-05-14 17:55:32.127561+00,2025-05-14 17:55:32.127561+00
31a330c2-ec61-4629-8949-7c4e66b9d691,asana,Extended Triangle,"## Sanskrit Name
Utthita Trikonasana

## Category
External Rotation

## Benefits
- Stretches and strengthens the thighs, knees, and ankles
- Stretches the hips, groins, hamstrings, calves, shoulders, chest, and spine
- Stimulates the abdominal organs
- Helps relieve stress
- Improves digestion
- Relieves backache during pregnancy
- Therapeutic for anxiety, flat feet, neck pain, osteoporosis, and sciatica

## Contraindications
- Headache
- Low blood pressure
- Heart condition
- High blood pressure
- Neck problems

## Modifications
- Support palm on block

## Preparatory Poses
- Mountain Pose
- Tree Pose",cdbdccbc-9125-4d58-bf12-58fbb889c8c6,2025-05-14 17:55:32.061821+00,2025-05-14 17:55:32.061821+00
1a2f10a4-4864-49ae-b671-b5721e43fac9,asana,Extended Side Angle,"## Sanskrit Name
Utthita Parsvakonasana

## Category
External Rotation

## Benefits
- Strengthens and stretches the legs, knees, and ankles
- Stretches the groins, spine, waist, chest, lungs and shoulders
- Stimulates abdominal organs
- Increases stamina

## Contraindications
- Headache
- High or low blood pressure
- Insomnia

## Modifications
- Place hand on block or forearm on thigh

## Preparatory Poses
- Downward Facing Dog Pose
- Reclining Bound Angle Pose
- Extended Triangle
- Warrior II",cdbdccbc-9125-4d58-bf12-58fbb889c8c6,2025-05-14 17:55:32.018648+00,2025-05-14 17:55:32.018648+00
b70d0f0e-441b-48ab-bb20-9fdb1196ba26,asana,Reverse Warrior,"## Sanskrit Name
Viparita Virabhadrasana

## Category
External Rotation

## Benefits
- Strengthens and stretches the legs and ankles
- Stretches the groins, chest, lungs, shoulders, side body
- Stimulates abdominal organs
- Increases stamina

## Contraindications
- High blood pressure
- Neck problems
- Shoulder injury

## Modifications
- Front arm wrapped behind back
- Stay in Warrior II

## Preparatory Poses
- Bound Angle Pose
- Hand-to-Big Toe Pose
- Extended Triangle",cdbdccbc-9125-4d58-bf12-58fbb889c8c6,2025-05-14 17:55:31.947417+00,2025-05-14 17:55:31.947417+00
26889e4f-5793-4000-ab3e-9cba95e34eb1,asana,Warrior II,"## Sanskrit Name
Virabhadrasana II

## Category
External Rotation

## Benefits
- Strengthens and stretches the legs and ankles
- Stretches the groins, chest, lungs, shoulders
- Stimulates abdominal organs
- Increases stamina
- Relieves backaches during pregnancy
- Therapeutic for carpal tunnel syndrome, flat feet, infertility, osteoporosis, and sciatica

## Contraindications
- High blood pressure
- Neck problems
- Shoulder injury

## Modifications
- Palms to heart center

## Preparatory Poses
- Bound Angle Pose
- Hand-to-Big Toe Pose
- Extended Triangle",cdbdccbc-9125-4d58-bf12-58fbb889c8c6,2025-05-14 17:55:31.874153+00,2025-05-14 17:55:31.874153+00
d85a71c5-8d7a-4fc8-a712-d091291b5cc1,asana,Fish Pose,"## Sanskrit Name
Matsyasana

## Category
Backbend

## Benefits
- Stretches the deep hip flexors (psoas) and intercostal muscles
- Stretches and stimulates the belly and throat muscles
- Stretches and stimulates the organs of the belly and throat
- Strengthens the upper back and neck muscles
- Improves posture

## Contraindications
- High or low blood pressure
- Migraine
- Insomnia
- Serious lower-back or neck injury

## Modifications
- Block under shoulder blades
- Blanket under head

## Preparatory Poses
- Bound Angle Pose
- Cobra Pose
- Bow Pose
- Locust Pose
- Bridge Pose
- Reclining Hero Pose
- Upward Facing Dog Pose
- Hero's Pose",cdbdccbc-9125-4d58-bf12-58fbb889c8c6,2025-05-14 17:55:31.810086+00,2025-05-14 17:55:31.810086+00
4194f5fe-a067-483f-a241-087044fc09d8,asana,Locust Pose,"## Sanskrit Name
Salabhasana

## Category
Backbend

## Benefits
- Strengthens the muscles of the spine, buttocks, and backs of the arms and legs
- Stretches the shoulders, chest, belly, and thighs
- Improves posture
- Stimulates abdominal organs
- Helps relieve stress

## Contraindications
- Headache
- Serious back injury
- Neck injury

## Modifications
- Bhujangasana

## Preparatory Poses
- Cobra Pose
- Cow Face Pose
- Bridge Pose
- Reclining Hero Pose
- Upward Facing Dog Pose
- Warrior I
- Hero's Pose",cdbdccbc-9125-4d58-bf12-58fbb889c8c6,2025-05-14 17:55:31.750343+00,2025-05-14 17:55:31.750343+00
f5745545-8592-4a57-80ea-36b795788560,asana,Bow Pose,"## Sanskrit Name
Dhanurasana

## Category
Backbend

## Benefits
- Stretches the entire front of the body, ankles, thighs and groins, abdomen and chest, and throat
- Stretches the deep hip flexors (psoas)
- Strengthens the back muscles
- Improves posture
- Stimulates the organs of the abdomen and neck

## Contraindications
- High or low blood pressure
- Migraine
- Insomnia
- Serious lower-back or neck injury

## Modifications
- Salabhasana
- Bhujangasana

## Preparatory Poses
- Cobra Pose
- Locust Pose
- Bridge Pose
- Reclining Hero Pose
- Upward Facing Dog Pose
- Hero's Pose",cdbdccbc-9125-4d58-bf12-58fbb889c8c6,2025-05-14 17:55:31.712074+00,2025-05-14 17:55:31.712074+00
77aa6488-30c0-4891-9ad4-a652a84c2591,asana,Cobra Pose,"## Sanskrit Name
Bhujangasana

## Category
Backbend

## Benefits
- Strengthens the spine
- Stretches chest and lungs, shoulders, and abdomen
- Firms the buttocks
- Stimulates abdominal organs
- Helps relieve stress and fatigue
- Opens the heart and lungs
- Soothes sciatica

## Contraindications
- Back injury
- Carpal tunnel syndrome
- Headache
- Pregnancy

## Modifications
- Little to no weight in the hands
- Cow Pose

## Preparatory Poses
- Bridge Pose
- Upward Facing Dog Pose",cdbdccbc-9125-4d58-bf12-58fbb889c8c6,2025-05-14 17:55:31.668271+00,2025-05-14 17:55:31.668271+00
3fdde3e6-0805-4a25-a7b3-df7f3fd7a136,asana,Camel Pose,"## Sanskrit Name
Ustrasana

## Category
Backbend

## Benefits
- Stretches the entire front of the body, ankles, thighs and groins
- Stretches abdomen and chest, and throat
- Stretches the deep hip flexors (psoas)
- Strengthens back muscles
- Improves posture
- Stimulates the organs of the abdomen and neck

## Contraindications
- High or low blood pressure
- Migraine
- Insomnia
- Serious low back or neck injury

## Modifications
- Keep your hands on the back of your pelvis

## Preparatory Poses
- Cobra Pose
- Bow Pose
- Locust Pose
- Bridge Pose
- Reclining Hero Pose
- Upward Facing Dog Pose
- Hero's Pose",cdbdccbc-9125-4d58-bf12-58fbb889c8c6,2025-05-14 17:55:31.601399+00,2025-05-14 17:55:31.601399+00
fb7af543-c568-4802-b4ca-f3dda4234466,asana,Upward Bow Pose,"## Sanskrit Name
Urdhva Dhanurasana

## Category
Backbend

## Benefits
- Stretches the chest and lungs
- Strengthens the arms and wrists, legs, buttocks, abdomen, and spine
- Stimulates the thyroid and pituitary
- Increases energy and counteracts depression

## Contraindications
- Back injury
- Carpal tunnel syndrome
- Headache
- Heart problems
- High or low blood pressure

## Modifications
- Hands on blocks at wall

## Preparatory Poses
- Cobra Pose
- Bridge Pose
- Upward Facing Dog Pose
- Hero's Pose",cdbdccbc-9125-4d58-bf12-58fbb889c8c6,2025-05-14 17:55:31.529392+00,2025-05-14 17:55:31.529392+00
f7ac9de0-e588-4579-9eb0-8274b0b4f43f,asana,Upward Facing Dog Pose,"## Sanskrit Name
Urdhva Mukha Svanasana

## Category
Backbend

## Benefits
- Improves posture
- Strengthens the spine, arms, wrists
- Stretches chest and lungs, shoulders, and abdomen
- Firms the buttocks
- Stimulates abdominal organs
- Helps relieve mild depression, fatigue, and sciatica
- Therapeutic for asthma

## Contraindications
- Back injury
- Carpal tunnel syndrome
- Headache
- Pregnancy

## Modifications
- Bolster under abdomen

## Preparatory Poses
- Cobra Pose
- Bridge Pose",cdbdccbc-9125-4d58-bf12-58fbb889c8c6,2025-05-14 17:55:31.47789+00,2025-05-14 17:55:31.47789+00
94f727fb-dba4-4e07-8d9e-87203c3bc16f,asana,Bridge Pose,"## Sanskrit Name
Setu Bandha Sarvangasana

## Category
Backbend

## Benefits
- Stretches the chest, neck, and spine
- Calms the brain and helps alleviate stress and mild depression
- Stimulates abdominal organs, lungs, and thyroid
- Rejuvenates tired legs
- Improves digestion
- Helps relieve menopause symptoms
- Relieves menstrual discomfort when done supported
- Reduces anxiety, fatigue, backache, headache, and insomnia

## Contraindications
- Neck Injury

## Modifications
- Block or blanket under the hips

## Preparatory Poses
- Cobra Pose
- Upward Facing Dog Pose
- Hero's Pose",cdbdccbc-9125-4d58-bf12-58fbb889c8c6,2025-05-14 17:55:31.418744+00,2025-05-14 17:55:31.418744+00
5e9bb8dd-889b-4219-a9cb-1eb5bc962556,asana,Side Plank Pose,"## Sanskrit Name
Vasisthasana

## Category
Arm Balance

## Benefits
- Strengthens the arms, belly, and legs
- Stretches and strengthens the wrists
- Improves sense of balance

## Contraindications
- Wrist injury
- Elbow injury
- Shoulder injury

## Modifications
- Drop your bottom knee
- Lower to the forearm

## Preparatory Poses
- Downward Facing Dog Pose
- Half Moon
- Plank Pose
- Wide-leg Forward Fold",cdbdccbc-9125-4d58-bf12-58fbb889c8c6,2025-05-14 17:55:31.369083+00,2025-05-14 17:55:31.369083+00
f7d708a9-e67d-4de0-85c5-45700fcbfeae,asana,Eight-Angle Pose,"## Sanskrit Name
Astavakrasana

## Category
Arm Balance

## Benefits
- Strengthens the wrists and arms
- Tones the abdominal muscles

## Contraindications
- Wrist injury
- Elbow injury
- Shoulder injury

## Modifications
- Work on the leg position without lifting up

## Preparatory Poses
- Standing Forward Fold
- Four-Limbed Staff Pose
- Bound Angle Pose
- Extended Side Angle",cdbdccbc-9125-4d58-bf12-58fbb889c8c6,2025-05-14 17:55:31.304603+00,2025-05-14 17:55:31.304603+00
391fd5c2-9ca6-46ff-94f6-c2a19b395d8c,asana,Pose Dedicated to the Sage Koundinya II,"## Sanskrit Name
Eka Pada Koundinyasana II

## Category
Arm Balance

## Benefits
- Strengthens the arms and wrists
- Tones the belly and spine

## Contraindications
- Wrist injury
- Back injury

## Modifications
- Block under the ankle

## Preparatory Poses
- Hand-to-Big Toe Pose
- Four-Limbed Staff Pose
- Wide-Angle Seated Forward Fold",cdbdccbc-9125-4d58-bf12-58fbb889c8c6,2025-05-14 17:55:31.264074+00,2025-05-14 17:55:31.264074+00
078e5f4c-f350-459b-967a-5cd12ec5386b,asana,Pose Dedicated to the Sage Koundinya I,"## Sanskrit Name
Eka Pada Koundinyasana I

## Category
Arm Balance

## Benefits
- Strengthens the arms and wrists
- Tones the belly and spine

## Contraindications
- Wrist injury
- Back injury

## Modifications
- Parsva Bakasana
- Block under the ankle

## Preparatory Poses
- Pose dedicated to the sage Marichi A
- Side Crow
- Hand-to-Big Toe Pose",cdbdccbc-9125-4d58-bf12-58fbb889c8c6,2025-05-14 17:55:31.206424+00,2025-05-14 17:55:31.206424+00
71e743a0-9253-4a44-8973-525953dcc2eb,asana,Side Crow,"## Sanskrit Name
Parsva Bakasana

## Category
Arm Balance

## Benefits
- Strengthens the arms and wrists
- Tones the belly and spine
- Improves sense of balance

## Contraindications
- Wrist injury
- Low back injury

## Modifications
- Feet on a block
- Parivrtta Utkatasana

## Preparatory Poses
- Chair Pose
- Revolved Chair Pose
- Crow (Crane) Pose",cdbdccbc-9125-4d58-bf12-58fbb889c8c6,2025-05-14 17:55:31.141255+00,2025-05-14 17:55:31.141255+00
b66c190a-54a0-4af6-8185-af132be33fcd,asana,Crow (Crane) Pose,"## Sanskrit Name
Bakasana

## Category
Arm Balance

## Benefits
- Strengthens arms and wrists
- Stretches the upper back
- Strengthens the abdominal muscles
- Opens the groins
- Tones the abdominal organs

## Contraindications
- Carpal Tunnel Syndrome
- Pregnancy

## Modifications
- Block under feet

## Preparatory Poses
- Downward Facing Dog Pose
- Bound Angle Pose
- Child's Pose
- Plank Pose
- Hero's Pose",cdbdccbc-9125-4d58-bf12-58fbb889c8c6,2025-05-14 17:55:31.079442+00,2025-05-14 17:55:31.079442+00
2793741d-7bde-4139-9d2f-5540dd6974f3,asana,Plank Pose,"## Sanskrit Name
Phalakasana

## Category
Arm Balance

## Benefits
- Strengthens the arms, wrists, and spine
- Tones the abdomen

## Contraindications
- Carpal tunnel syndrome
- Wrist or shoulder injuries

## Modifications
- Drop knees to the ground

## Preparatory Poses
- Downward Facing Dog Pose
- Four-Limbed Staff Pose",cdbdccbc-9125-4d58-bf12-58fbb889c8c6,2025-05-14 17:55:31.042558+00,2025-05-14 17:55:31.042558+00
368e6a09-be52-4fda-8435-1f1a34b7ff1e,asana,Four-Limbed Staff Pose,"## Sanskrit Name
Chaturanga Dandasana

## Category
Arm Balance

## Benefits
- Strengthens the arms and wrists
- Tones the abdomen

## Contraindications
- Carpal tunnel syndrome
- Pregnancy
- Wrist or shoulder injuries

## Modifications
- Drop knees to the ground

## Preparatory Poses
- Plank Pose",cdbdccbc-9125-4d58-bf12-58fbb889c8c6,2025-05-14 17:55:30.970757+00,2025-05-14 17:55:30.970757+00
3221382d-19ae-4d54-8af8-3b630b9cfab8,asana,Arm Pressure Pose,"## Sanskrit Name
Bhujapidasana

## Category
Arm Balance

## Benefits
- Strengthens the arms and wrists
- Tones the belly
- Improves balance

## Contraindications
- Shoulder injury
- Elbow injury
- Wrist injury
- Low back injury

## Modifications
- Keep feet on floor

## Preparatory Poses
- Eagle Pose
- Garland Pose
- Crow (Crane) Pose
- Bound Angle Pose",cdbdccbc-9125-4d58-bf12-58fbb889c8c6,2025-05-14 17:55:30.879707+00,2025-05-14 17:55:30.879707+00